Workbook

Sheet 每人时长汇总
A1: 采集员 | B1: 采集上传时长合计(h) | C1: 有效时长合计(h) | D1: 无效时长合计(h) | E1: 记录条数
A2: 张月 | B2: =SUMIF(明细数据!$D:$D,$A2,明细数据!$E:$E) -> 36.09 | C2: =SUMIF(明细数据!$D:$D,$A2,明细数据!$J:$J) -> 35.68 | D2: =B2-C2 -> 0.41 | E2: =COUNTIF(明细数据!$D:$D,$A2) -> 14
A3: 季洁 | B3: =SUMIF(明细数据!$D:$D,$A3,明细数据!$E:$E) -> 18.51 | C3: =SUMIF(明细数据!$D:$D,$A3,明细数据!$J:$J) -> 18.42 | D3: =B3-C3 -> 0.09 | E3: =COUNTIF(明细数据!$D:$D,$A3) -> 17
A4: 王松林 | B4: =SUMIF(明细数据!$D:$D,$A4,明细数据!$E:$E) -> 17.59 | C4: =SUMIF(明细数据!$D:$D,$A4,明细数据!$J:$J) -> 14.91 | D4: =B4-C4 -> 2.68 | E4: =COUNTIF(明细数据!$D:$D,$A4) -> 4
A5: 农业易 | B5: =SUMIF(明细数据!$D:$D,$A5,明细数据!$E:$E) -> 11.22 | C5: =SUMIF(明细数据!$D:$D,$A5,明细数据!$J:$J) -> 7.52 | D5: =B5-C5 -> 3.7 | E5: =COUNTIF(明细数据!$D:$D,$A5) -> 4
A6: 张月2 | B6: =SUMIF(明细数据!$D:$D,$A6,明细数据!$E:$E) -> 4.09 | C6: =SUMIF(明细数据!$D:$D,$A6,明细数据!$J:$J) -> 4.09 | D6: =B6-C6 -> 0 | E6: =COUNTIF(明细数据!$D:$D,$A6) -> 3
A7: JZ倪秀芹 | B7: =SUMIF(明细数据!$D:$D,$A7,明细数据!$E:$E) -> 3.98 | C7: =SUMIF(明细数据!$D:$D,$A7,明细数据!$J:$J) -> 3.55 | D7: =B7-C7 -> 0.43 | E7: =COUNTIF(明细数据!$D:$D,$A7) -> 2
A8: 湛2 | B8: =SUMIF(明细数据!$D:$D,$A8,明细数据!$E:$E) -> 2.54 | C8: =SUMIF(明细数据!$D:$D,$A8,明细数据!$J:$J) -> 0.73 | D8: =B8-C8 -> 1.81 | E8: =COUNTIF(明细数据!$D:$D,$A8) -> 3
A9: 湛1 | B9: =SUMIF(明细数据!$D:$D,$A9,明细数据!$E:$E) -> 4.05 | C9: =SUMIF(明细数据!$D:$D,$A9,明细数据!$J:$J) -> 0.31 | D9: =B9-C9 -> 3.74 | E9: =COUNTIF(明细数据!$D:$D,$A9) -> 3
A10: 泽农 | B10: =SUMIF(明细数据!$D:$D,$A10,明细数据!$E:$E) -> 0.18 | C10: =SUMIF(明细数据!$D:$D,$A10,明细数据!$J:$J) -> 0.05 | D10: =B10-C10 -> 0.13 | E10: =COUNTIF(明细数据!$D:$D,$A10) -> 1
A11: 家采易 | B11: =SUMIF(明细数据!$D:$D,$A11,明细数据!$E:$E) -> 1.16 | C11: =SUMIF(明细数据!$D:$D,$A11,明细数据!$J:$J) -> 0 | D11: =B11-C11 -> 1.16 | E11: =COUNTIF(明细数据!$D:$D,$A11) -> 1
A12: 总计 | B12: =SUM(B2:B11) -> 99.41 | C12: =SUM(C2:C11) -> 85.26 | D12: =SUM(D2:D11) -> 14.15 | E12: =SUM(E2:E11) -> 52

Sheet 明细数据
A1: 日期 | B1: 类别 | C1: 采集模式 | D1: 采集员 | E1: 采集上传时长(h) | F1: 配对成功时长(h) | G1: QC失败时长(h) | H1: 质检错误时长(h) | I1: 质检提示时长(h) | J1: 有效时长(h)
A2: 2026/9/9 | B2: EGO | C2: 商采 | D2: 湛2 | E2: 0.35 | G2: 0 | H2: 0.06 | I2: 0 | J2: 0.29
A3: 2026/9/9 | B3: EGO | C3: 居家其他 | D3: 湛1 | E3: 0.15 | G3: 0 | H3: 0.07 | I3: 0 | J3: 0.08
A4: 2026/9/10 | B4: EGO | C4: 商采 | D4: 泽农 | E4: 0.18 | G4: 0 | H4: 0.13 | I4: 0 | J4: 0.05
A5: 2026/9/10 | B5: EGO | C5: 商采 | D5: 湛2 | E5: 1.63 | G5: 0 | H5: 1.19 | I5: 0 | J5: 0.44
A6: 2026/9/12 | B6: EGO | C6: 商采 | D6: 湛2 | E6: 0.56 | G6: 0 | H6: 0.56 | I6: 0 | J6: 0
A7: 2026/9/15 | B7: EGO | C7: 居家其他 | D7: 湛1 | E7: 2.35 | G7: 0 | H7: 2.12 | I7: 0 | J7: 0.23
A8: 2026/9/16 | B8: EGO | C8: 居家其他 | D8: 季洁 | E8: 0.09 | G8: 0 | H8: 0 | I8: 0 | J8: 0.09
A9: 2026/9/16 | B9: EGO | C9: 居家其他 | D9: 张月 | E9: 0.21 | G9: 0 | H9: 0 | I9: 0 | J9: 0.21
A10: 2026/9/17 | B10: EGO | C10: 居家其他 | D10: 季洁 | E10: 1.57 | G10: 0 | H10: 0 | I10: 0 | J10: 1.57
A11: 2026/9/17 | B11: EGO | C11: 居家其他 | D11: 张月 | E11: 2.84 | G11: 0 | H11: 0.11 | I11: 0 | J11: 2.73
A12: 2026/9/17 | B12: EGO | C12: 居家其他 | D12: 湛1 | E12: 1.55 | G12: 1.14 | H12: 0.42 | I12: 0 | J12: 0
A13: 2026/9/18 | B13: EGO | C13: 居家其他 | D13: 季洁 | E13: 1.72 | G13: 0 | H13: 0 | I13: 0 | J13: 1.72
... A53: 2026/9/30 | B53: EGO | C53: 居家其他 | D53: 张月 | E53: 1.04 | G53: 0 | H53: 0 | I53: 0 | J53: 1.04
